source,role,uid,url,date,orateur,texte
Séance plénière,Intervenant,CRSANR5L17S2025O1N014,https://www.assemblee-nationale.fr/dyn/17/comptes-rendus/seance/l17s2025o1n014,jeudi 24 octobre 2024,M. Thomas Cazenave,Très bien !
Séance plénière,rapporteur de la commission des affaires économiques,CRSANR5L17S2025O1N082,https://www.assemblee-nationale.fr/dyn/17/comptes-rendus/seance/l17s2025o1n082,lundi 27 janvier 2025,M. Thomas Cazenave,"Je m’adresse à vous en tant que rapporteur de la proposition de loi contre toutes les fraudes aux aides publiques, mais aussi comme député de la Gironde. À ce titre, permettez-moi de saluer la mémoire de Nicolas Florian, grand élu de notre territoire et ancien maire de Bordeaux, disparu brutalement hier à l’âge de 55 ans. (Applaudissements sur divers bancs.)Depuis la loi relative à la lutte contre la fraude en 2018 et jusqu’au plan lancé en 2023 par Gabriel Attal, nous avons constamment agi et traqué les fraudes fiscales, sociales et douanières. En renforçant les moyens et en modernisant les outils alloués aux services de lutte contre la fraude, en adaptant les procédures et en renforçant les sanctions, nous avons fait de ce combat une priorité.Grâce à cette action résolue, nous avons obtenu des résultats encourageants : plus d’irrégularités détectées, plus d’argent public détourné récupéré, plus de sanctions infligées à ceux qui abusent du système.Malgré ces efforts, des failles subsi"
Séance plénière,rapporteur,CRSANR5L17S2025O1N082,https://www.assemblee-nationale.fr/dyn/17/comptes-rendus/seance/l17s2025o1n082,lundi 27 janvier 2025,M. Thomas Cazenave,"C’est pourquoi nous devons agir avec détermination et fermeté.Avec près de 20 milliards d’euros consacrés annuellement aux aides publiques, dont une grande partie allouée à la transition écologique, il est impératif de garantir que chaque euro soit utilisé à bon escient. Ce texte vise à combler les failles de notre système pour éviter les détournements, protéger les bénéficiaires légitimes et récupérer jusqu’à 1,6 milliard. Nous devons faire payer les fraudeurs."
Séance plénière,rapporteur,CRSANR5L17S2025O1N082,https://www.assemblee-nationale.fr/dyn/17/comptes-rendus/seance/l17s2025o1n082,lundi 27 janvier 2025,M. Thomas Cazenave,"Cette proposition de loi trace une double voie : agir en amont pour prévenir les fraudes à la source et renforcer drastiquement notre arsenal contre l’écodélinquance. Nous employons une méthode simple : prévenir, protéger, sanctionner.L’article 1er introduit un mécanisme général permettant de suspendre ou de refuser l’octroi d’une aide publique dès lors que des indices sérieux de fraude sont identifiés. Cette mesure pourra s’appliquer à l’ensemble des aides publiques, qu’il s’agisse de subventions, d’exonérations fiscales, de prêts, de prestations sociales ou encore de dispositifs en faveur de l’emploi ou de la rénovation énergétique.L’objectif est simple : agir rapidement pour éviter que des fonds publics ne tombent entre les mains de fraudeurs, souvent difficiles à retrouver une fois les sommes détournées. La suspension pourra être prononcée pour une durée maximale de trois mois, offrant aux administrations le temps nécessaire pour examiner les soupçons.Grâce à ce dispositif, nous en"
Séance plénière,rapporteur,CRSANR5L17S2025O1N082,https://www.assemblee-nationale.fr/dyn/17/comptes-rendus/seance/l17s2025o1n082,lundi 27 janvier 2025,M. Thomas Cazenave,"Or cette dernière mesure – une bonne idée, sur le principe, pour s’assurer de la qualité des acteurs du marché – risque de sanctionner des entreprises vertueuses, grâce auxquelles de nombreuses opérations sont réalisées. Je pense aux distributeurs ou aux magasins de bricolage, qui proposent des solutions simples pour les Français souhaitant effectuer des travaux et qui ne font pas l’objet de signalement des autorités en charge de la fraude. De nombreux professionnels remplissent également leur carnet de commandes grâce à de telles opérations. C’est pourquoi je proposerai de revenir sur cette disposition qui pourrait, si elle était maintenue, déstabiliser profondément le marché actuel."
Séance plénière,rapporteur,CRSANR5L17S2025O1N082,https://www.assemblee-nationale.fr/dyn/17/comptes-rendus/seance/l17s2025o1n082,lundi 27 janvier 2025,M. Thomas Cazenave,"L’article 4, enfin, cible les fraudes aux certificats d’économie d’énergie (C2E), dispositif central en matière de transition énergétique mais particulièrement exposé aux détournements. Nous prévoyons la suspension préventive de l’instruction en cas de suspicion de fraude. Dès qu’un doute sérieux émerge sur une demande, son traitement pourra être immédiatement interrompu, ce qui limitera le risque de délivrance indue de certificats.L’article prévoit ensuite des sanctions anticipées. Désormais, des pénalités pourront être appliquées avant même la délivrance des certificats si une fraude est détectée.Il renforce également les informations données lors de la publication des sanctions au Journal officiel. Dans un souci de responsabilisation et afin de dissuader les comportements frauduleux, tous les acteurs qui sont intervenus dans le cadre de l’opération frauduleuse seront mentionnés.Ces articles constituent autant de leviers pour resserrer les mailles du filet. Je sais que ce texte susci"
Séance plénière,rapporteur,CRSANR5L17S2025O1N082,https://www.assemblee-nationale.fr/dyn/17/comptes-rendus/seance/l17s2025o1n082,lundi 27 janvier 2025,M. Thomas Cazenave,"…mais aussi sur la forme puisqu’une telle démarche constitue une première, me semble-t-il, depuis plusieurs législatures, s’agissant d’une niche parlementaire. (Applaudissements sur les bancs du groupe EPR. – Exclamations sur les bancs du groupe LFI-NFP.)"
Séance plénière,rapporteur,CRSANR5L17S2025O1N082,https://www.assemblee-nationale.fr/dyn/17/comptes-rendus/seance/l17s2025o1n082,lundi 27 janvier 2025,M. Thomas Cazenave,Oh !
Séance plénière,rapporteur,CRSANR5L17S2025O1N082,https://www.assemblee-nationale.fr/dyn/17/comptes-rendus/seance/l17s2025o1n082,lundi 27 janvier 2025,M. Thomas Cazenave,Oh !
Séance plénière,rapporteur,CRSANR5L17S2025O1N082,https://www.assemblee-nationale.fr/dyn/17/comptes-rendus/seance/l17s2025o1n082,lundi 27 janvier 2025,M. Thomas Cazenave,Ça n’a rien à voir avec le texte !
Séance plénière,rapporteur,CRSANR5L17S2025O1N082,https://www.assemblee-nationale.fr/dyn/17/comptes-rendus/seance/l17s2025o1n082,lundi 27 janvier 2025,M. Thomas Cazenave,Vous lisez les grands auteurs !
Séance plénière,rapporteur,CRSANR5L17S2025O1N082,https://www.assemblee-nationale.fr/dyn/17/comptes-rendus/seance/l17s2025o1n082,lundi 27 janvier 2025,M. Thomas Cazenave,Il est loin des comptes publics !
Séance plénière,rapporteur,CRSANR5L17S2025O1N082,https://www.assemblee-nationale.fr/dyn/17/comptes-rendus/seance/l17s2025o1n082,lundi 27 janvier 2025,M. Thomas Cazenave,Rien sur la fraude !
Séance plénière,rapporteur,CRSANR5L17S2025O1N082,https://www.assemblee-nationale.fr/dyn/17/comptes-rendus/seance/l17s2025o1n082,lundi 27 janvier 2025,M. Thomas Cazenave,Quel rapport ?
Séance plénière,rapporteur,CRSANR5L17S2025O1N082,https://www.assemblee-nationale.fr/dyn/17/comptes-rendus/seance/l17s2025o1n082,lundi 27 janvier 2025,M. Thomas Cazenave,Ah bon ?
Séance plénière,rapporteur,CRSANR5L17S2025O1N082,https://www.assemblee-nationale.fr/dyn/17/comptes-rendus/seance/l17s2025o1n082,lundi 27 janvier 2025,M. Thomas Cazenave,C’est vrai !
Séance plénière,rapporteur,CRSANR5L17S2025O1N082,https://www.assemblee-nationale.fr/dyn/17/comptes-rendus/seance/l17s2025o1n082,lundi 27 janvier 2025,M. Thomas Cazenave,"Tout d’abord, je ne manquerai pas de vous envoyer un exemplaire dédicacé de l’ouvrage que vous avez abondamment cité et qui semble vous inspirer.Vous avez beau avoir parlé un bon quart d’heure, je n’ai rien entendu sur les arnaques, le démarchage ou la lutte contre les sociétés éphémères ! Vous vous désintéressez profondément d’un texte qui permettra pourtant de corriger des injustices majeures et de mettre fin à des détournements d’argent public de grande ampleur, au détriment des plus pauvres, de ceux dont le logement a besoin d’être rénové, de ceux qui doivent suivre une formation. Sur tous ces points, monsieur le député, vous avez été… muet ! Je me permettrai donc de vous envoyer aussi le texte de la proposition de loi. (Exclamations sur les bancs du groupe LFI-NFP. – Mme Sophie Mette applaudit.)"
Séance plénière,rapporteur,CRSANR5L17S2025O1N082,https://www.assemblee-nationale.fr/dyn/17/comptes-rendus/seance/l17s2025o1n082,lundi 27 janvier 2025,M. Thomas Cazenave,Ça n’a rien à voir !
Séance plénière,rapporteur,CRSANR5L17S2025O1N082,https://www.assemblee-nationale.fr/dyn/17/comptes-rendus/seance/l17s2025o1n082,lundi 27 janvier 2025,M. Thomas Cazenave,"Non, les électeurs !"
Séance plénière,rapporteur,CRSANR5L17S2025O1N082,https://www.assemblee-nationale.fr/dyn/17/comptes-rendus/seance/l17s2025o1n082,lundi 27 janvier 2025,M. Thomas Cazenave,Oui !
Séance plénière,rapporteur,CRSANR5L17S2025O1N082,https://www.assemblee-nationale.fr/dyn/17/comptes-rendus/seance/l17s2025o1n082,lundi 27 janvier 2025,M. Thomas Cazenave,Merci.
Séance plénière,rapporteur,CRSANR5L17S2025O1N082,https://www.assemblee-nationale.fr/dyn/17/comptes-rendus/seance/l17s2025o1n082,lundi 27 janvier 2025,M. Thomas Cazenave,"Le premier amendement vise tout simplement à supprimer l’article 1er, donc à empêcher la suspension du versement des aides en cas de soupçon de fraude. L’interruption du versement des aides à une entreprise éphémère écodélinquante ne serait donc plus possible, alors qu’il s’agit du cœur de la réponse de l’administration, qui doit agir au plus vite puisque les fonds, une fois versés, sont difficiles à récupérer.Vous nous interrogez au sujet des prestations sociales, mais vous savez qu’il existe déjà des dispositions spécifiques pour le RSA ou l’APL – un président de conseil départemental peut suspendre le versement du RSA. Je regrette qu’avec ces amendements, en particulier le premier, vous vouliez désarmer cette proposition de loi visant à lutter contre la fraude aux aides publiques organisée par des entreprises écodélinquantes, nous privant ainsi de la possibilité d’une réponse efficace. Avis défavorable."
Séance plénière,rapporteur,CRSANR5L17S2025O1N082,https://www.assemblee-nationale.fr/dyn/17/comptes-rendus/seance/l17s2025o1n082,lundi 27 janvier 2025,M. Thomas Cazenave,"Il vise à relever le montant des pénalités lorsqu’une aide publique a été obtenue frauduleusement en portant le taux de pénalité de 40 % à 50 % du montant des aides versées en cas de manquement délibéré, et de 80 % à 100 % en cas de manœuvre frauduleuse. Nous souhaitons envoyer un signal très fort aux entreprises fraudeuses."
Séance plénière,rapporteur,CRSANR5L17S2025O1N082,https://www.assemblee-nationale.fr/dyn/17/comptes-rendus/seance/l17s2025o1n082,lundi 27 janvier 2025,M. Thomas Cazenave,Avis favorable.
Séance plénière,rapporteur,CRSANR5L17S2025O1N082,https://www.assemblee-nationale.fr/dyn/17/comptes-rendus/seance/l17s2025o1n082,lundi 27 janvier 2025,M. Thomas Cazenave,"Nous ne sommes pas encore à l’article sanctionnant les entreprises coupables de fraude au label RGE, sur lequel vous avez déposé des amendements. L’amendement no 61 traduit notre volonté de renforcer les signaux envoyés aux fraudeurs. Il me semble que la commission souhaitait également aller en ce sens."
Séance plénière,rapporteur,CRSANR5L17S2025O1N082,https://www.assemblee-nationale.fr/dyn/17/comptes-rendus/seance/l17s2025o1n082,lundi 27 janvier 2025,M. Thomas Cazenave,Avis défavorable.
Séance plénière,rapporteur,CRSANR5L17S2025O1N082,https://www.assemblee-nationale.fr/dyn/17/comptes-rendus/seance/l17s2025o1n082,lundi 27 janvier 2025,M. Thomas Cazenave,"Il est défavorable. Pour lutter contre la fraude, les administrations doivent pouvoir échanger des données, partager leurs suspicions et des informations, et non créer un vaste fichier. La disposition que nous proposons est conforme au RGPD et possède bien un intérêt légitime, puisque la lutte contre la fraude est d’intérêt général."
Séance plénière,rapporteur,CRSANR5L17S2025O1N082,https://www.assemblee-nationale.fr/dyn/17/comptes-rendus/seance/l17s2025o1n082,lundi 27 janvier 2025,M. Thomas Cazenave,"Le montant de la plupart des aides publiques est inférieur à 1 million d’euros, mais celui de certaines fraudes – à l’Anah ou à l’apprentissage, par exemple – peut représenter plusieurs dizaines de milliers d’euros. Fixer un seuil de 1 million d’euros empêcherait donc d’agir contre les réseaux organisés qui détournent les aides individuelles de quelques milliers d’euros. L’objectif de la proposition de loi serait manqué. Avis défavorable."
Séance plénière,Intervenant,CRSANR5L17S2025O1N082,https://www.assemblee-nationale.fr/dyn/17/comptes-rendus/seance/l17s2025o1n082,lundi 27 janvier 2025,M. Thomas Cazenave,Encore faut-il voter le PLF !
Séance plénière,rapporteur,CRSANR5L17S2025O1N082,https://www.assemblee-nationale.fr/dyn/17/comptes-rendus/seance/l17s2025o1n082,lundi 27 janvier 2025,M. Thomas Cazenave,"En commission, nous avons débattu de ce sujet avec Mme Battistel, qui a d’ailleurs retiré son amendement après nos discussions. Placer l’échange d’informations entre administrations sous le contrôle du juge, c’est les priver de toute la réactivité dont elles ont besoin pour lutter contre les fraudeurs. En somme, c’est les désarmer et c’est manquer notre objectif.Mme Battistel avait été convaincue par ces arguments : je vous demande donc retirer votre amendement, sinon mon avis sera défavorable."
Séance plénière,rapporteur,CRSANR5L17S2025O1N082,https://www.assemblee-nationale.fr/dyn/17/comptes-rendus/seance/l17s2025o1n082,lundi 27 janvier 2025,M. Thomas Cazenave,"La version initiale de la proposition de loi ne précisait pas que l’échange d’informations devait être décidé sur la base « d’indices sérieux ». Mme Battistel a souhaité que le cadre d’activation des dispositions de lutte contre la fraude soit renforcé et la commission a adopté cette précision, qui apparaît désormais dans le texte et qui, je crois, avait permis de rassurer les députés du groupe Socialistes et apparentés en commission."
Séance plénière,Intervenant,CRSANR5L17S2025O1N082,https://www.assemblee-nationale.fr/dyn/17/comptes-rendus/seance/l17s2025o1n082,lundi 27 janvier 2025,M. Thomas Cazenave,"Je suis surpris de votre amendement, monsieur Cadalen. Il y a quelques minutes encore, vous affirmiez votre attachement aux libertés individuelles. Votre amendement tend à créer un grand fichier de données personnelles, ce que ne faisait pas la proposition de loi et ce qui contredit le droit à la protection des données individuelles et le RGPD. Notre avis est donc très défavorable."
Séance plénière,rapporteur,CRSANR5L17S2025O1N082,https://www.assemblee-nationale.fr/dyn/17/comptes-rendus/seance/l17s2025o1n082,lundi 27 janvier 2025,M. Thomas Cazenave,"Je demande le retrait de ces deux amendements au profit de l’amendement no 65 que nous examinerons dans quelques instants. Nous en avons débattu en commission et vous avez appelé mon attention sur le fait que la rédaction de cet alinéa, beaucoup trop large, risquait de nous éloigner de l’objectif de lutte contre la fraude aux aides publiques. Avec l’amendement no 65, que je m’étais engagé à déposer et qui me semble faire consensus, nous resserrons le champ d’application de la disposition à la fraude documentaire et à la fraude à l’identité. Parce que cette dernière est parfois un vecteur de fraude sociale, il est utile de favoriser l’échange d’informations entre les préfectures et les organismes de sécurité sociale."
Séance plénière,rapporteur,CRSANR5L17S2025O1N082,https://www.assemblee-nationale.fr/dyn/17/comptes-rendus/seance/l17s2025o1n082,lundi 27 janvier 2025,M. Thomas Cazenave,"Comme convenu avec Mmes Battistel et Batho, il vise à restreindre à la seule fraude documentaire le champ d’application du dispositif prévu à l’alinéa 15."
Séance plénière,rapporteur,CRSANR5L17S2025O1N082,https://www.assemblee-nationale.fr/dyn/17/comptes-rendus/seance/l17s2025o1n082,lundi 27 janvier 2025,M. Thomas Cazenave,"Je le reprends, madame la présidente. M. Labaronne est souffrant. L’amendement vise à étendre le droit de communication dont dispose Tracfin aux conseillers en gestion des affaires, aux plateformes de facturation électronique ainsi qu’aux plateformes de domiciliation, ce qui permettra d’enrichir le travail de renseignement du service de lutte contre le blanchiment du ministère de l’économie et des finances."
Séance plénière,rapporteur,CRSANR5L17S2025O1N082,https://www.assemblee-nationale.fr/dyn/17/comptes-rendus/seance/l17s2025o1n082,lundi 27 janvier 2025,M. Thomas Cazenave,Favorable.
Séance plénière,rapporteur,CRSANR5L17S2025O1N082,https://www.assemblee-nationale.fr/dyn/17/comptes-rendus/seance/l17s2025o1n082,lundi 27 janvier 2025,M. Thomas Cazenave,"Je le reprends, madame la présidente."
Séance plénière,rapporteur,CRSANR5L17S2025O1N082,https://www.assemblee-nationale.fr/dyn/17/comptes-rendus/seance/l17s2025o1n082,lundi 27 janvier 2025,M. Thomas Cazenave,"L’amendement no 47 porte notamment sur le droit de communication de l’Inspection générale des finances (IGF) et sur le cadre juridique des informations qui lui sont communiquées. Par cet amendement, les pouvoirs d’investigation de l’IGF, en première ligne dans la lutte contre la fraude, seront renforcés."
Séance plénière,rapporteur,CRSANR5L17S2025O1N082,https://www.assemblee-nationale.fr/dyn/17/comptes-rendus/seance/l17s2025o1n082,lundi 27 janvier 2025,M. Thomas Cazenave,"Avec ce texte et avec d’autres – je pense à celui sur le démarchage téléphonique adopté par le Sénat –, nous sommes nombreux à vouloir faire cesser le harcèlement des Français par e-mail, téléphone ou SMS. Je partage donc votre objectif. Cependant, un texte spécifique est nécessaire pour traiter complètement le sujet de l’opt-in, à savoir l’expression préalable du consentement. (M. Jocelyn Dessigny s’exclame.)"
Séance plénière,rapporteur,CRSANR5L17S2025O1N082,https://www.assemblee-nationale.fr/dyn/17/comptes-rendus/seance/l17s2025o1n082,lundi 27 janvier 2025,M. Thomas Cazenave,"Non, puisqu’un texte a été adopté au Sénat il y a quelques mois ! Par ailleurs, sur un plan purement juridique, l’amendement tel qu’il est rédigé ne permet pas d’atteindre l’objectif que vous fixez. Pour ces deux raisons, j’y suis défavorable."
Séance plénière,rapporteur,CRSANR5L17S2025O1N082,https://www.assemblee-nationale.fr/dyn/17/comptes-rendus/seance/l17s2025o1n082,lundi 27 janvier 2025,M. Thomas Cazenave,"Je souhaite clarifier ma position. La commission des affaires économiques a adopté les dispositions décrites par Mme Batho à propos du démarchage téléphonique, mais ces dispositions ne se limitent pas à la fraude aux aides publiques : elles s’appliquent à tout démarchage, qu’il bénéficie d’une aide publique ou non. N’est-ce pas, madame Batho ?"
Séance plénière,rapporteur,CRSANR5L17S2025O1N082,https://www.assemblee-nationale.fr/dyn/17/comptes-rendus/seance/l17s2025o1n082,lundi 27 janvier 2025,M. Thomas Cazenave,"Je ne souhaite pas qu’on adopte des amendements portant sur ces dispositions, car cela nous éloignerait de l’objet de la proposition de loi : la fraude aux aides publiques. Par ailleurs, on constate que ce ne sont pas les mêmes dispositions législatives qui s’appliquent au démarchage numérique. Je ne déposerai pas d’amendement visant à supprimer les avancées que vous avez obtenues en commission, madame Batho, mais je tiens à indiquer qu’elles nous éloignent sensiblement de la lutte contre la fraude aux aides publiques."
Séance plénière,rapporteur,CRSANR5L17S2025O1N082,https://www.assemblee-nationale.fr/dyn/17/comptes-rendus/seance/l17s2025o1n082,lundi 27 janvier 2025,M. Thomas Cazenave,Défavorable.
Séance plénière,rapporteur,CRSANR5L17S2025O1N082,https://www.assemblee-nationale.fr/dyn/17/comptes-rendus/seance/l17s2025o1n082,lundi 27 janvier 2025,M. Thomas Cazenave,"Pour répondre à Mme Batho : je ne dis pas qu’il n’y a pas un lien entre le démarchage et la fraude aux aides publiques, je dis simplement que les dispositions que vous avez fait adopter s’appliquent bien au-delà des dispositifs aidés. Or ce sont ces derniers qui sont l’objet de la proposition de loi.Par ailleurs, monsieur Tivoli, les amendements nos 71 et 72 à venir visent à interdire tout démarchage – qu’il soit téléphonique, numérique ou physique – concernant les dispositifs aidés. Ce sont ces derniers que cible la proposition de loi, alors que votre amendement vise tous les produits ou services, avec ou sans aides publiques. La proposition de loi ne doit pas s’écarter de son objet principal. Une partie de votre amendement sera satisfaite si vous adoptez les amendements nos 71 et 72, comme je vous invite à le faire. En conséquence, j’émets sur l’amendement no 17 un avis défavorable."
Séance plénière,rapporteur,CRSANR5L17S2025O1N082,https://www.assemblee-nationale.fr/dyn/17/comptes-rendus/seance/l17s2025o1n082,lundi 27 janvier 2025,M. Thomas Cazenave,"Il vise à rétablir l’interdiction du démarchage téléphonique relatif aux travaux d’adaptation des logements à la perte d’autonomie. Il s’agit d’inclure dans le texte le dispositif MaPrimeAdapt’ en rétablissant la version initiale de la proposition de loi sur ce point, supprimée par erreur par la commission à la suite de l’adoption d’un amendement."
Séance plénière,rapporteur,CRSANR5L17S2025O1N082,https://www.assemblee-nationale.fr/dyn/17/comptes-rendus/seance/l17s2025o1n082,lundi 27 janvier 2025,M. Thomas Cazenave,"Demande de retrait au profit de l’amendement no 71, dont le champ d’application est plus large puisqu’il intègre également les prestations intellectuelles."
Séance plénière,rapporteur,CRSANR5L17S2025O1N082,https://www.assemblee-nationale.fr/dyn/17/comptes-rendus/seance/l17s2025o1n082,lundi 27 janvier 2025,M. Thomas Cazenave,"Nous procédons en plusieurs étapes car le texte est ainsi construit. L’amendement vise à rétablir l’interdiction du démarchage, contenue initialement dans la proposition de loi, relatif notamment à l’adaptation des logements, quel que soit son mode – physique, par SMS ou sur les réseaux sociaux. L’amendement intègre les nouvelles offres de services telles que les prestations intellectuelles des accompagnateurs France Rénov’, que la proposition de loi doit couvrir.Le sous-amendement à venir du gouvernement vise à lever le doute quant à la conformité de l’interdiction du démarchage physique à la directive européenne 2011/83 relative aux droits des consommateurs. Je laisserai la ministre exposer les raisons de ce doute.Le champ d’application de l’amendement no 72 est plus large que celui des amendements nos 30 et 31 rectifié, et je vous invite à le privilégier."
Séance plénière,rapporteur,CRSANR5L17S2025O1N082,https://www.assemblee-nationale.fr/dyn/17/comptes-rendus/seance/l17s2025o1n082,lundi 27 janvier 2025,M. Thomas Cazenave,Avis défavorable sur l’amendement no 100 et favorable sur l’amendement no 85.
Séance plénière,rapporteur,CRSANR5L17S2025O1N082,https://www.assemblee-nationale.fr/dyn/17/comptes-rendus/seance/l17s2025o1n082,lundi 27 janvier 2025,M. Thomas Cazenave,"J’avais estimé, quand la commission avait adopté l’amendement créant l’alinéa 35, que l’on s’éloignait quelque peu de la lutte contre la fraude et j’avais regretté que l’on n’ait pas pris le temps de consulter la Confédération de l’artisanat et des petites entreprises du bâtiment, la Capeb, et la Fédération française du bâtiment sur les conséquences d’une telle disposition. Je suis donc, à titre personnel, favorable à l’amendement du gouvernement tendant à supprimer cet alinéa."
Séance plénière,rapporteur,CRSANR5L17S2025O1N082,https://www.assemblee-nationale.fr/dyn/17/comptes-rendus/seance/l17s2025o1n082,lundi 27 janvier 2025,M. Thomas Cazenave,Avis favorable.
Séance plénière,Intervenant,CRSANR5L17S2026O1N021,https://www.assemblee-nationale.fr/dyn/17/comptes-rendus/seance/l17s2026o1n021,jeudi 30 octobre 2025,M. Thomas Cazenave,Très bien !
Séance plénière,Intervenant,CRSANR5L17S2026O1N021,https://www.assemblee-nationale.fr/dyn/17/comptes-rendus/seance/l17s2026o1n021,jeudi 30 octobre 2025,M. Thomas Cazenave,"Disons-le d’emblée, cette proposition de loi constitue l’archétype du texte d’affichage. Elle traite pourtant d’un sujet important – l’immigration irrégulière –, sur lequel nous avons beaucoup légiféré, avec des résultats trop peu visibles pour les Français."
Séance plénière,Intervenant,CRSANR5L17S2026O1N021,https://www.assemblee-nationale.fr/dyn/17/comptes-rendus/seance/l17s2026o1n021,jeudi 30 octobre 2025,M. Thomas Cazenave,"Parce que ce sujet est sérieux, il faut le traiter sérieusement. Texte d’affichage, car nous savons que s’il venait à être adopté, il resterait inutile, inefficace ; vous empruntez le chemin de la communication facile, laquelle ne manquera pas de nourrir un peu plus le sentiment de l’impuissance publique. En d’autres termes, ceux qui, de bonne foi, pourraient être sensibles à votre démarche n’en seront demain que plus méfiants envers les pouvoirs publics. C’est tout le paradoxe : prétendre restaurer la confiance dans la loi, dans l’autorité de l’État, par un énième texte déconnecté des réalités du terrain.Les faits sont connus, les faits sont têtus : en 2009, par exemple, plus de 100 000 personnes ont été mises en cause pour séjour irrégulier – puisque ce délit existait alors dans notre droit –, 80 000 gardées à vue, mais seulement 597 condamnées pour ce seul motif, avec une amende de 368 euros en moyenne. Cela donne un taux de condamnation inférieur à 1 % ! Nul besoin d’étude d’impact"
Séance plénière,Intervenant,CRSANR5L17S2026O1N021,https://www.assemblee-nationale.fr/dyn/17/comptes-rendus/seance/l17s2026o1n021,jeudi 30 octobre 2025,M. Thomas Cazenave,"…bureaucratique, d’embolie de toute la chaîne pénale."
Séance plénière,Intervenant,CRSANR5L17S2026O1N021,https://www.assemblee-nationale.fr/dyn/17/comptes-rendus/seance/l17s2026o1n021,jeudi 30 octobre 2025,M. Thomas Cazenave,"Madame Le Pen, écoutez-moi : concrètement, elle mobiliserait des agents de police pour constater l’infraction, des officiers de police judiciaire pour les gardes à vue, des procureurs pour la procédure pénale, des juges, des greffiers, des avocats en vue des audiences, enfin les services de recouvrement, lesquels auront grand-peine à faire payer l’amende à des personnes, je le répète, souvent insolvables."
Séance plénière,Intervenant,CRSANR5L17S2026O1N021,https://www.assemblee-nationale.fr/dyn/17/comptes-rendus/seance/l17s2026o1n021,jeudi 30 octobre 2025,M. Thomas Cazenave,"On ne peut se ranger du côté des policiers, des gendarmes, dénoncer la lourdeur de la procédure pénale, la surcharge de travail, le stock de dossiers, s’inquiéter de ce que la justice est trop lente, et le lendemain défendre des textes qui aggraveraient, compliqueraient l’action, le quotidien des intéressés ! (Exclamations sur quelques bancs du groupe RN.)Voilà pourquoi ce délit a été supprimé en 2012, et non pas seulement parce qu’il a été jugé contraire au droit européen, ce que vous semblez d’ailleurs ignorer ; non par idéologie, mais parce que tout, dans son application, démontrait son inefficacité. C’est pour cela, le ministre l’a rappelé, qu’en 2012 a été créée la retenue pour vérification du droit au séjour, outil administratif plus simple, plus rapide, plus efficace. Les chiffres le prouvent : environ 70 000 interpellations par an entre 2007 et 2012, 90 000 entre 2012 et 2017, 120 000 entre 2017 et 2022. Jamais, donc, la capacité de contrôle de la police n’a été affaiblie par l"
Séance plénière,Intervenant,CRSANR5L17S2025O1N119,https://www.assemblee-nationale.fr/dyn/17/comptes-rendus/seance/l17s2025o1n119,jeudi 06 mars 2025,M. Thomas Cazenave,"Cela a été dit : le démarchage téléphonique intempestif est devenu un fléau du quotidien. Trois quarts de nos concitoyens en sont victimes chaque semaine, et plus d’un tiers chaque jour. Ces chiffres, rappelés dans le rapport, ne sont pas qu’une statistique : ils traduisent une exaspération grandissante, une intrusion permanente qui sape la confiance des consommateurs et mine la tranquillité des Français.Ces dernières années, nous avons déjà pris des mesures fortes en interdisant le démarchage dans certains secteurs particulièrement exposés aux fraudes, comme la rénovation énergétique et le compte personnel de formation. Plus récemment, nous avons aussi renforcé la protection des bénéficiaires de MaPrimeAdapt’ contre ces pratiques abusives. Je tiens à dire ici mon attachement au maintien de ces interdictions sectorielles strictes, car elles relèvent de la lutte contre la fraude et non de l’encadrement des pratiques commerciales.Mais il faut aller plus loin. Le problème du démarchage té"
Séance plénière,Intervenant,CRSANR5L17S2025O1N068,https://www.assemblee-nationale.fr/dyn/17/comptes-rendus/seance/l17s2025o1n068,mercredi 15 janvier 2025,M. Thomas Cazenave,C’est ce que nous voulons.
Séance plénière,rapporteur de la commission des affaires économiques,CRSANR5L17S2025O1N083,https://www.assemblee-nationale.fr/dyn/17/comptes-rendus/seance/l17s2025o1n083,lundi 27 janvier 2025,M. Thomas Cazenave,"Dans le texte, nous nous sommes référés aux sanctions administratives qui existent déjà, notamment en matière de manquements précontractuels ; nous avons repris le dispositif existant, soit 15 000 et 75 000 euros d’amende, conservant ainsi une certaine cohérence entre les sanctions administratives. Il me semble préférable d’en rester à ce barème plutôt que de fixer l’amende à 10 % du chiffre d’affaires, ce qui représente un montant considérable, que j’estime disproportionné et de nature à déséquilibrer le régime des sanctions administratives applicables aux entreprises. Avis défavorable."
Séance plénière,rapporteur,CRSANR5L17S2025O1N083,https://www.assemblee-nationale.fr/dyn/17/comptes-rendus/seance/l17s2025o1n083,lundi 27 janvier 2025,M. Thomas Cazenave,"Vous souhaitez durcir la sanction par la DGCCRF – direction générale de la concurrence, de la consommation et de la répression des fraudes –, en ajoutant la perte de la qualification à la perte de la certification. Le texte prévoit qu’un professionnel qui aurait contrevenu aux obligations afférentes perde, à titre temporaire ou définitif, la certification RGE. Vous proposez que l’entreprise ou l’artisan concerné perde aussi sa qualification – par exemple, le titre professionnel permettant d’exercer le métier de plombier ou d’électricien. Cela me semble disproportionné. Que l’on perde le label RGE faute d’en avoir respecté les attendus me semble normal et constitue d’ailleurs le cœur de la proposition de loi. En revanche, empêcher un artisan de continuer à travailler comme électricien ou plombier pour cette seule raison me semblerait excessif. C’est ainsi que je comprends votre amendement no 27, sur lequel j’émets donc un avis défavorable.Je partage la préoccupation dont procède l’amend"
Séance plénière,rapporteur,CRSANR5L17S2025O1N083,https://www.assemblee-nationale.fr/dyn/17/comptes-rendus/seance/l17s2025o1n083,lundi 27 janvier 2025,M. Thomas Cazenave,"L’amendement n’ayant pas de lien évident avec l’objet de la proposition de loi contre toutes les fraudes aux aides publiques, j’émets un avis défavorable."
Séance plénière,rapporteur,CRSANR5L17S2025O1N083,https://www.assemblee-nationale.fr/dyn/17/comptes-rendus/seance/l17s2025o1n083,lundi 27 janvier 2025,M. Thomas Cazenave,Avis défavorable.
Séance plénière,rapporteur,CRSANR5L17S2025O1N083,https://www.assemblee-nationale.fr/dyn/17/comptes-rendus/seance/l17s2025o1n083,lundi 27 janvier 2025,M. Thomas Cazenave,"Avis défavorable, parce que c’est le rôle de l’Agence nationale de l’habitat (Anah) que de sanctionner les accompagnateurs France Rénov’ qui ne seraient pas vertueux. Cela relève déjà de sa responsabilité, de son pouvoir, et je crois qu’elle n’hésite pas à sanctionner celles et ceux qui ne respectent pas les règles. Votre amendement est donc d’une certaine manière satisfait, même si c’est l’Anah, et non la DGCCRF, qui joue ce rôle."
Séance plénière,rapporteur,CRSANR5L17S2025O1N083,https://www.assemblee-nationale.fr/dyn/17/comptes-rendus/seance/l17s2025o1n083,lundi 27 janvier 2025,M. Thomas Cazenave,Vous ne voulez pas la voter !
Séance plénière,rapporteur,CRSANR5L17S2025O1N083,https://www.assemblee-nationale.fr/dyn/17/comptes-rendus/seance/l17s2025o1n083,lundi 27 janvier 2025,M. Thomas Cazenave,"Il vise à permettre l’accès à l’observatoire des diagnostics de performance énergétique (DPE), qui est géré par l’Agence de la transition écologique (Ademe), aux organismes chargés de la certification des compétences des diagnostiqueurs immobiliers ainsi qu’aux services chargés de la répression des fraudes."
Séance plénière,rapporteur,CRSANR5L17S2025O1N083,https://www.assemblee-nationale.fr/dyn/17/comptes-rendus/seance/l17s2025o1n083,lundi 27 janvier 2025,M. Thomas Cazenave,"Il vise à mieux encadrer l’activité des mandataires et notamment à autoriser la publication des noms de ceux qui n’auraient pas respecté les règles et qui auraient été sanctionnés, afin de fiabiliser leur action. Il est très proche de celui de Mme Batho, dont je dois dire qu’il est mieux rédigé que le mien ; je propose donc de retirer le mien au profit du sien."
Séance plénière,rapporteur,CRSANR5L17S2025O1N083,https://www.assemblee-nationale.fr/dyn/17/comptes-rendus/seance/l17s2025o1n083,lundi 27 janvier 2025,M. Thomas Cazenave,"Je suis favorable à l’amendement no 33 et au sous-amendement no 82, et je demande le retrait des amendements nos 20 et 21."
Séance plénière,rapporteur,CRSANR5L17S2025O1N083,https://www.assemblee-nationale.fr/dyn/17/comptes-rendus/seance/l17s2025o1n083,lundi 27 janvier 2025,M. Thomas Cazenave,"C’est précisément le rôle des accompagnateurs France Rénov’ que d’accompagner les ménages dans leurs travaux de rénovation énergétique et de les conseiller sur les prix pratiqués. Eux-mêmes peuvent s’appuyer sur les données dont dispose l’Anah : tout est déjà en place pour protéger les usagers et tous ceux qui voudront, à l’avenir, faire rénover leur logement. Avis défavorable, parce que le dispositif actuel me semble déjà satisfaire l’objectif que vous visez."
Séance plénière,rapporteur,CRSANR5L17S2025O1N083,https://www.assemblee-nationale.fr/dyn/17/comptes-rendus/seance/l17s2025o1n083,lundi 27 janvier 2025,M. Thomas Cazenave,Favorable.
Séance plénière,rapporteur,CRSANR5L17S2025O1N083,https://www.assemblee-nationale.fr/dyn/17/comptes-rendus/seance/l17s2025o1n083,lundi 27 janvier 2025,M. Thomas Cazenave,"Depuis le début de l’examen de la proposition de loi, nous avons veillé très attentivement à ne jamais créer de nouveaux fichiers mais à favoriser l’échange d’informations. En effet, la création d’un fichier pose certaines difficultés eu égard au règlement général sur la protection des données (RGPD) et au contrôle exercé par la Commission nationale de l’informatique et des libertés (Cnil).D’autre part, vous proposez que l’Anah soit l’organisme collecteur. Or elle ne possède pas toute l’information. Par exemple, les informations relatives aux CEE transitent par le pôle national des certificats d’économie d’énergie (PNCEE). La plateforme que vous appelez de vos vœux serait très lourde à installer et ne procurerait pas de gain immédiat.L’article 2, que nous venons de voter, crée un cadre qui permettra aux administrations d’échanger massivement des informations afin de mieux lutter contre la fraude. Il permettra selon moi d’atteindre l’objectif que vous visez, et que je partage. J’émets d"
Séance plénière,rapporteur,CRSANR5L17S2025O1N083,https://www.assemblee-nationale.fr/dyn/17/comptes-rendus/seance/l17s2025o1n083,lundi 27 janvier 2025,M. Thomas Cazenave,Favorable.
Séance plénière,rapporteur,CRSANR5L17S2025O1N083,https://www.assemblee-nationale.fr/dyn/17/comptes-rendus/seance/l17s2025o1n083,lundi 27 janvier 2025,M. Thomas Cazenave,C’est ce que je dis !
Séance plénière,rapporteur,CRSANR5L17S2025O1N083,https://www.assemblee-nationale.fr/dyn/17/comptes-rendus/seance/l17s2025o1n083,lundi 27 janvier 2025,M. Thomas Cazenave,"Pourquoi cet amendement ? Il ne vise ni à répondre à un problème ni à en créer un. Il cherche simplement à corriger le dispositif issu d’un amendement de M. Jean-Pierre Vigier, adopté par la commission des affaires économiques, ayant pour objet d’exclure toutes les entreprises de distribution, qui ne peuvent être RGE – le label étant réservé aux artisans de la construction et de la rénovation –, du marché de la rénovation énergétique. Or, parmi elles, de grandes enseignes qui ont été citées amènent aujourd’hui des marchés de rénovation à des artisans jusqu’au dernier kilomètre.Je le dis ici : je ne défends rien en matière de lutte contre la fraude aux aides publiques, car il n’y a pas de fraude !"
Séance plénière,rapporteur,CRSANR5L17S2025O1N083,https://www.assemblee-nationale.fr/dyn/17/comptes-rendus/seance/l17s2025o1n083,lundi 27 janvier 2025,M. Thomas Cazenave,"Quand vous interrogez les services de l’État, il n’y a pas de dossier avec les grands distributeurs connus. Le sujet lancé en commission des affaires économiques n’a donc rien à voir avec la fraude : il concerne les relations commerciales entre des distributeurs et des sous-traitants."
Séance plénière,rapporteur,CRSANR5L17S2025O1N083,https://www.assemblee-nationale.fr/dyn/17/comptes-rendus/seance/l17s2025o1n083,lundi 27 janvier 2025,M. Thomas Cazenave,"Le seul objet de mon amendement est d’affirmer que la question de la relation commerciale ne relève pas de la proposition de loi dont nous débattons.Ainsi que cela a été dit, y compris par Mme Batho, il n’y a pas d’évaluation de l’impact de l’amendement Vigier, qui va pourtant toucher toutes les enseignes connues – Leroy Merlin, Bricorama, Castorama, Point P, Saint-Gobain – qui maillent notre territoire, font vivre des milliers d’artisans et réalisent des milliers de chantiers.Alors que nous nous sommes interrogés durant les débats budgétaires sur les raisons pour lesquelles nous ne sommes pas parvenus à massifier la rénovation énergétique, puisque tous les crédits de MaPrimeRénov’ n’ont pas été consommés, il serait paradoxal de chercher à régler dans cette proposition de loi un conflit de répartition de la valeur entre artisans et distributeurs.Monsieur de Lépinau, il faut donc aller au bout du geste et voter mon amendement de suppression ! Nous sommes en train de légiférer sans aucun"
Séance plénière,rapporteur,CRSANR5L17S2025O1N083,https://www.assemblee-nationale.fr/dyn/17/comptes-rendus/seance/l17s2025o1n083,lundi 27 janvier 2025,M. Thomas Cazenave,"En revanche, je ne propose pas de revenir sur l’autre disposition de l’article, également adoptée en commission à l’initiative de M. Vigier, qui prévoit de limiter à deux rangs le niveau de sous-traitance. Je souhaite que cette mesure soit conservée.Si l’article est voté en l’état, je maintiens que nous serons confrontés à un problème de maillage territorial qui rendra plus difficile de réussir le pari de la rénovation énergétique."
Séance plénière,rapporteur,CRSANR5L17S2025O1N083,https://www.assemblee-nationale.fr/dyn/17/comptes-rendus/seance/l17s2025o1n083,lundi 27 janvier 2025,M. Thomas Cazenave,"J’aimerais donner un dernier argument pour dire quelle est ma conviction. On a souvent donné une vision binaire de la réalité : les artisans seraient sous la coupe des distributeurs et, en adoptant cet article, nous les libérerions.Or les artisans ont le choix. Si 1 500 d’entre eux travaillent avec une grande plateforme, c’est peut-être parce qu’ils y trouvent des avantages, comme le fait de ne pas avoir besoin de recruter des commerciaux. D’un autre côté, de nombreux artisans choisissent de ne pas travailler avec ce type d’intermédiaire.L’article 3 ter, introduit par l’amendement adopté en commission, risque d’entraîner tout simplement un rétrécissement de la taille du marché."
Séance plénière,rapporteur,CRSANR5L17S2025O1N083,https://www.assemblee-nationale.fr/dyn/17/comptes-rendus/seance/l17s2025o1n083,lundi 27 janvier 2025,M. Thomas Cazenave,"Dans le dispositif actuel, un artisan est parfaitement libre de mener un chantier de rénovation – c’est d’ailleurs la décision que prennent nombre d’entre eux –, mais il peut aussi le refuser. Les deux possibilités existent, il n’est pas question de se priver de l’une d’entre elles.Adopter cet article en l’état, c’est fermer un pan entier du marché, celui qui permet de capter les consommateurs qui, après avoir passé la porte d’un grand distributeur, décident d’engager des travaux de rénovation. (Applaudissements sur quelques bancs du groupe EPR.)"
Séance plénière,rapporteur,CRSANR5L17S2025O1N083,https://www.assemblee-nationale.fr/dyn/17/comptes-rendus/seance/l17s2025o1n083,lundi 27 janvier 2025,M. Thomas Cazenave,"Je demande le retrait de cet amendement, faute de quoi mon avis sera défavorable.En effet, suivant la logique propre aux CEE, leurs demandeurs, que l’on dit obligés, sont toujours responsables des contrôles en dernière analyse. Cet amendement créerait une autre chaîne de responsabilité et déséquilibrerait ainsi tout le système en vigueur, qui fait reposer sur les demandeurs la lourde exigence de s’assurer que les contrôles sont bien effectués.En outre, l’amendement présente un problème de forme, puisqu’il vise à insérer dans la loi une disposition de nature réglementaire."
Séance plénière,rapporteur,CRSANR5L17S2025O1N083,https://www.assemblee-nationale.fr/dyn/17/comptes-rendus/seance/l17s2025o1n083,lundi 27 janvier 2025,M. Thomas Cazenave,"Il vise à obliger les demandeurs de CEE à signaler au PNCEE les entreprises qui ne respectent pas la réglementation, toujours afin de resserrer les mailles de notre filet."
Séance plénière,rapporteur,CRSANR5L17S2025O1N083,https://www.assemblee-nationale.fr/dyn/17/comptes-rendus/seance/l17s2025o1n083,lundi 27 janvier 2025,M. Thomas Cazenave,"Il s’agit encore de renforcer le dispositif de sanction qui s’applique aux fraudeurs. Si quelqu’un demande des CEE pour une surface de 200 mètres carrés alors que les mesures d’économie d’énergie qu’il entend prendre ne concernent qu’une surface de 100 mètres carrés, l’État ne peut récupérer que les certificats attribués pour les 100 mètres carrés de trop. Nous souhaitons récupérer l’ensemble des certificats accordés : aucune raison ne justifie qu’un fraudeur bénéficie d’un soutien public."
Séance plénière,rapporteur,CRSANR5L17S2025O1N083,https://www.assemblee-nationale.fr/dyn/17/comptes-rendus/seance/l17s2025o1n083,lundi 27 janvier 2025,M. Thomas Cazenave,"Une partie des CEE sert à financer l’acquisition de véhicules électriques. Cet amendement vise à ouvrir au PNCEE l’accès au système d’immatriculation des véhicules. Cela peut paraître idiot, mais mieux vaut s’assurer que les CEE financent l’achat de véhicules qui existent réellement."
Séance plénière,rapporteur,CRSANR5L17S2025O1N083,https://www.assemblee-nationale.fr/dyn/17/comptes-rendus/seance/l17s2025o1n083,lundi 27 janvier 2025,M. Thomas Cazenave,"J’émettrai un avis favorable à l’amendement no 12 complété par mes deux sous-amendements. L’un est rédactionnel, l’autre permet d’élargir un peu le dispositif pour atteindre pleinement l’objectif, donc d’utiliser tous les moyens, notamment numériques, pour mieux lutter contre la fraude dans le domaine des certificats d’économies d’énergie."
Séance plénière,rapporteur,CRSANR5L17S2025O1N083,https://www.assemblee-nationale.fr/dyn/17/comptes-rendus/seance/l17s2025o1n083,lundi 27 janvier 2025,M. Thomas Cazenave,"Vous soulevez la question des moyens, mais je pense que les équipes du PNCEE seraient mieux employées à faire des contrôles qu’à rédiger des rapports. Avis défavorable."
Séance plénière,rapporteur,CRSANR5L17S2025O1N083,https://www.assemblee-nationale.fr/dyn/17/comptes-rendus/seance/l17s2025o1n083,lundi 27 janvier 2025,M. Thomas Cazenave,Oh !
Séance plénière,rapporteur,CRSANR5L17S2025O1N083,https://www.assemblee-nationale.fr/dyn/17/comptes-rendus/seance/l17s2025o1n083,lundi 27 janvier 2025,M. Thomas Cazenave,Ils sont passés de la motion de rejet à l’abstention !
Séance plénière,rapporteur,CRSANR5L17S2025O1N083,https://www.assemblee-nationale.fr/dyn/17/comptes-rendus/seance/l17s2025o1n083,lundi 27 janvier 2025,M. Thomas Cazenave,Très bien !
Séance plénière,Intervenant,CRSANR5L17S2025O1N133,https://www.assemblee-nationale.fr/dyn/17/comptes-rendus/seance/l17s2025o1n133,mardi 18 mars 2025,M. Thomas Cazenave,"Ma question, à laquelle j’associe mes collègues mobilisés de façon constante aux côtés de la viticulture dans leurs territoires, s’adresse à M. le ministre chargé du commerce extérieur et des Français de l’étranger. Dans la folie trumpienne qui s’abat sur le monde, chaque jour apporte son lot de nouvelles provocations et de nouvelles menaces. Aujourd’hui, ce sont les vins, les champagnes et les spiritueux français qui se retrouvent avec une cible au milieu du front en raison du projet d’augmenter de 200 % des droits de douane.S’attaquer à notre viticulture, c’est menacer près de 500 000 emplois, mais aussi la première filière agricole à l’export, ainsi qu’un savoir-faire admiré et imité dans le monde entier. (Applaudissements sur les bancs du groupe EPR et sur quelques bancs du groupe Dem.) S’attaquer à notre viticulture, c’est menacer nos paysages, façonnés par des générations de vignerons. En définitive, c’est menacer tous nos territoires : le Bordelais, la Bourgogne, l’Alsace, le La"
Séance plénière,Intervenant,CRSANR5L17S2025O1N133,https://www.assemblee-nationale.fr/dyn/17/comptes-rendus/seance/l17s2025o1n133,mardi 18 mars 2025,M. Thomas Cazenave,"…sans oublier le Jurançon. (Se tournant vers l’orateur, M. le premier ministre tend le pouce vers le haut. – Applaudissements sur les bancs du groupe EPR.) Je salue celles et ceux qui, au quotidien, se battent pour la défendre – cet engagement est d’ailleurs largement partagé sur ces bancs.Les gouvernements successifs ont répondu présents face aux difficultés récentes de la filière : ils ont lancé un plan d’arrachage, apporté un soutien aux exploitations en difficulté, décidé d’aides exceptionnelles face au mildiou, défendu nos appellations. Mais cette fois, il ne s’agit pas seulement d’une hausse de droits de douane mais de la volonté de fermer purement et simplement le marché américain, crucial pour la filière. Il est impératif que la France, aux côtés de ses partenaires européens, parle d’une seule voix pour protéger ses intérêts.Quelles démarches la France a-t-elle engagées, tant au niveau européen qu’auprès des autorités américaines, pour prévenir la hausse des droits de douane et"
Séance plénière,Intervenant,CRSANR5L17S2025O1N015,https://www.assemblee-nationale.fr/dyn/17/comptes-rendus/seance/l17s2025o1n015,jeudi 24 octobre 2024,M. Thomas Cazenave,"L’argumentation du président Coquerel pèche en deux points. Premièrement, il soutient que le Cisap ne fonctionne pas, au motif qu’il coûte 6 milliards d’euros. Comme si en face de cette dépense, aucun service n’était fourni et aucun emploi n’était créé ! (Applaudissements sur les bancs du groupe EPR.)Deuxièmement – et pire encore –, M. Coquerel a prétendu que les bénéficiaires de ce dispositif n’y avaient recours que pour baisser leur impôt. Comme si des gens en payaient d’autres à faire des trous puis à les reboucher ! (Mêmes mouvements.)Ces propos sont complètement aberrants ! Le Cisap crée de l’activité économique et des emplois ! (Mêmes mouvements.)"
Séance plénière,Intervenant,CRSANR5L17S2025O1N015,https://www.assemblee-nationale.fr/dyn/17/comptes-rendus/seance/l17s2025o1n015,jeudi 24 octobre 2024,M. Thomas Cazenave,"Je soutiendrai ces trois amendements – j’inclus l’amendement no 3477 –, qui entendent à la fois adapter notre fiscalité aux nouvelles configurations familiales et accroître la progressivité de l’impôt sur les transmissions. Ils proposent une réforme progressive qui n’alourdit pas la fiscalité, comme quoi on peut réformer sans augmenter les impôts."
Séance plénière,rapporteur de la commission mixte paritaire,CRSANR5L17S2025O1N191,https://www.assemblee-nationale.fr/dyn/17/comptes-rendus/seance/l17s2025o1n191,mercredi 14 mai 2025,M. Thomas Cazenave,"Nous arrivons aujourd’hui à l’aboutissement d’un travail parlementaire intense, riche et utile, guidé par deux grandes ambitions : lutter contre toutes les fraudes aux aides publiques et mettre fin aux abus du démarchage téléphonique."
Séance plénière,rapporteur,CRSANR5L17S2025O1N191,https://www.assemblee-nationale.fr/dyn/17/comptes-rendus/seance/l17s2025o1n191,mercredi 14 mai 2025,M. Thomas Cazenave,"Les fraudes aux aides publiques représentent un montant estimé à environ 1,6 milliard d’euros chaque année. Avec ce texte, nous nous dotons d’un arsenal législatif renforcé pour lutter contre le phénomène.Cette proposition de loi a été largement enrichie au cours des débats parlementaires, puisqu’elle est passée de quatre à trente-sept articles. Elle a été adoptée sans opposition à l’Assemblée nationale comme au Sénat. Certains points ont ensuite été travaillés de nouveau en commission mixte paritaire (CMP) afin de parvenir à un compromis.Je veux d’abord saluer très sincèrement l’esprit de responsabilité et de coopération qui a animé nos travaux. Loin des postures, nous avons travaillé ensemble pour aboutir à un compromis exigeant.Le présent texte est le fruit d’un travail partagé entre les deux chambres, construit grâce aux apports de l’ensemble des bancs, guidés par une volonté commune : protéger nos finances publiques, garantir le bon usage des deniers publics, lutter contre le déma"
Séance plénière,rapporteur,CRSANR5L17S2025O1N191,https://www.assemblee-nationale.fr/dyn/17/comptes-rendus/seance/l17s2025o1n191,mercredi 14 mai 2025,M. Thomas Cazenave,"Grâce au travail parlementaire, ce texte couvre désormais quasiment tous les champs des aides publiques. Il s’attaque à l’écodélinquance, aux fraudes dans le domaine de l’emploi, de la formation professionnelle et de l’apprentissage, à celles relatives au compte personnel de formation (CPF) ou encore aux fraudes aux compteurs électriques.L’objectif visé peut se résumer ainsi : une république qui aide et qui protège est indissociable d’une république intransigeante avec ceux qui essaient de la défier.Ce texte est le fruit d’un travail approfondi qui a mobilisé les services de l’Assemblée nationale et des différents ministères depuis le mois d’octobre. Je leur adresse mes sincères remerciements.Je vous invite donc à l’adopter. (Applaudissements sur les bancs du groupe EPR.)"
Séance plénière,rapporteur,CRSANR5L17S2025O1N191,https://www.assemblee-nationale.fr/dyn/17/comptes-rendus/seance/l17s2025o1n191,mercredi 14 mai 2025,M. Thomas Cazenave,C’est faux !
Séance plénière,rapporteur,CRSANR5L17S2025O1N191,https://www.assemblee-nationale.fr/dyn/17/comptes-rendus/seance/l17s2025o1n191,mercredi 14 mai 2025,M. Thomas Cazenave,"Avis favorable.J’en profite pour répondre à deux demandes d’éclaircissement : ceux de Claire Lejeune et de Marie-Noëlle Battistel.Madame Lejeune, comme l’a indiqué Mme la ministre, le texte ne change rien au régime du RSA. En cas de fraude, les présidents de conseils départementaux peuvent déjà suspendre le versement du RSA, et ils le font."
Séance plénière,rapporteur,CRSANR5L17S2025O1N191,https://www.assemblee-nationale.fr/dyn/17/comptes-rendus/seance/l17s2025o1n191,mercredi 14 mai 2025,M. Thomas Cazenave,"Il serait donc dommage que vous vous absteniez sur le texte pour cette raison.Madame Battistel, s’agissant du démarchage téléphonique, nous avons repris intégralement le travail du groupe Démocrate, celui de Pascal Lecamp et de Louise Morel. (Applaudissements sur quelques bancs du groupe Dem.) Vous avez plaidé, avec d’autres députés – y compris ceux de mon groupe et du groupe Droite républicaine –, en faveur d’une exception alimentaire. Aux termes de l’accord trouvé en CMP, la date de mise en œuvre du dispositif est décalée du 1er janvier au 11 août 2026, afin de laisser aux entreprises davantage de temps pour s’adapter. (M. Pascal Lecamp applaudit.)"
Séance plénière,Intervenant,CRSANR5L17S2025O1N031,https://www.assemblee-nationale.fr/dyn/17/comptes-rendus/seance/l17s2025o1n031,jeudi 31 octobre 2024,M. Thomas Cazenave,C’est bon !
Séance plénière,rapporteur du comité d’évaluation et de contrôle des politiques publiques,CRSANR5L17S2025O1N053,https://www.assemblee-nationale.fr/dyn/17/comptes-rendus/seance/l17s2025o1n053,mercredi 27 novembre 2024,M. Thomas Cazenave,"Briser les déterminismes, garantir l’égalité des chances, accompagner les aspirations de notre jeunesse, permettre à chacun de réaliser son potentiel, former aux métiers de demain : la politique publique de l’orientation est essentielle, comme nous devons le reconnaître pour bien la conduire. Les travaux que nous avons menés avec Hendrik Davi entre novembre 2022 et décembre 2023 nous ont amenés à dresser un constat sévère, celui d’un immense gâchis collectif.En effet, près d’un tiers des élèves n’est pas accompagné dans le processus d’orientation. Parmi les lycéens, 83 % sont angoissés au moment de formuler les vœux sur Parcoursup. La moitié des étudiants inscrits en L1 n’obtiennent pas leur licence au bout de trois ou quatre ans. Le processus d’orientation ne parvient pas à briser les inégalités sociales : dans les établissements défavorisés, 54 % des élèves font leurs choix seuls sur Parcoursup. Un constat similaire doit être dressé à propos des inégalités de genre : le nombre de fem"
Séance plénière,Intervenant,CRSANR5L17S2026O1N022,https://www.assemblee-nationale.fr/dyn/17/comptes-rendus/seance/l17s2026o1n022,jeudi 30 octobre 2025,M. Thomas Cazenave,"Mme Le Pen, tout à l’heure, a placé le débat sur la question de l’efficacité, disant, à propos de cette proposition de loi, que « les policiers l’attendent ». Mais l’ensemble de ce texte repose sur un énorme mensonge ! Les policiers et les magistrats ne l’attendent pas : ils l’ont déjà essayé ! Un seul chiffre suffit à le démontrer : en 2009, sur 100 000 mises en cause pour séjour irrégulier, seules 597 condamnations ont été prononcées, soit moins de 1 %. Le résultat sera nul, madame Le Pen : vous allez emboliser le système et saper le travail des policiers et des magistrats, qui ont bien d’autres priorités. C’est une farce ! (Applaudissements sur les bancs du groupe EPR.)"
Séance plénière,Intervenant,CRSANR5L17S2026O1N022,https://www.assemblee-nationale.fr/dyn/17/comptes-rendus/seance/l17s2026o1n022,jeudi 30 octobre 2025,M. Thomas Cazenave,"Par un joli coup de communication, vous faites croire aux Français que vous allez résoudre leurs problèmes, mais – nous avons été très nombreux à le dire depuis le début de la discussion – il n’y a aucun résultat à attendre de ce que vous proposez. C’est la raison pour laquelle nous voterons ces amendements de suppression. (Applaudissements sur les bancs des groupes EPR et Dem et sur quelques bancs des groupes SOC et EcoS.)"
Séance plénière,Intervenant,CRSANR5L17S2025O1N010,https://www.assemblee-nationale.fr/dyn/17/comptes-rendus/seance/l17s2025o1n010,mardi 22 octobre 2024,M. Thomas Cazenave,Mais c’est vrai !
Séance plénière,Intervenant,CRSANR5L17S2025O1N010,https://www.assemblee-nationale.fr/dyn/17/comptes-rendus/seance/l17s2025o1n010,mardi 22 octobre 2024,M. Thomas Cazenave,Tout à fait !
Séance plénière,Intervenant,CRSANR5L17S2025O1N219,https://www.assemblee-nationale.fr/dyn/17/comptes-rendus/seance/l17s2025o1n219,mercredi 28 mai 2025,M. Thomas Cazenave,Très bien !
Séance plénière,Intervenant,CRSANR5L17S2025O1N047,https://www.assemblee-nationale.fr/dyn/17/comptes-rendus/seance/l17s2025o1n047,mardi 19 novembre 2024,M. Thomas Cazenave,"C’est ça, l’énarchie !"
